stateId,stateName,cityId,cityName,localityId,localityName,areaId,areaName,pincode
mh,Maharashtra,navimumbai,Navi Mumbai,cbd-belapur,CBD Belapur,cbd-belapur-03sector-4-400614,03SECTOR -4,400614
mh,Maharashtra,navimumbai,Navi Mumbai,cbd-belapur,CBD Belapur,cbd-belapur-22jw-qcx-400614,22JW+QCX,400614
mh,Maharashtra,navimumbai,Navi Mumbai,cbd-belapur,CBD Belapur,cbd-belapur-a-400614,A,400614
mh,Maharashtra,navimumbai,Navi Mumbai,cbd-belapur,CBD Belapur,cbd-belapur-b-400614,B,400614
mh,Maharashtra,navimumbai,Navi Mumbai,cbd-belapur,CBD Belapur,cbd-belapur-belpada-400614,Belpada,400614
mh,Maharashtra,navimumbai,Navi Mumbai,cbd-belapur,CBD Belapur,cbd-belapur-c-b-d-400614,C.B.D,400614
mh,Maharashtra,navimumbai,Navi Mumbai,cbd-belapur,CBD Belapur,cbd-belapur-cbd-400614,CBD,400614
mh,Maharashtra,navimumbai,Navi Mumbai,cbd-belapur,CBD Belapur,cbd-belapur-cbd-belapur-400614,CBD Belapur,400614
mh,Maharashtra,navimumbai,Navi Mumbai,cbd-belapur,CBD Belapur,cbd-belapur-cgs-colony-400614,CGS Colony,400614
mh,Maharashtra,navimumbai,Navi Mumbai,cbd-belapur,CBD Belapur,cbd-belapur-compound-400614,Compound,400614
mh,Maharashtra,navimumbai,Navi Mumbai,cbd-belapur,CBD Belapur,cbd-belapur-corporation-400614,Corporation,400614
mh,Maharashtra,navimumbai,Navi Mumbai,cbd-belapur,CBD Belapur,cbd-belapur-east-400614,East,400614
mh,Maharashtra,navimumbai,Navi Mumbai,cbd-belapur,CBD Belapur,cbd-belapur-forest-area-400614,Forest Area,400614
mh,Maharashtra,navimumbai,Navi Mumbai,cbd-belapur,CBD Belapur,cbd-belapur-gaon-400614,Gaon,400614
mh,Maharashtra,navimumbai,Navi Mumbai,cbd-belapur,CBD Belapur,cbd-belapur-gaw-400614,gaw,400614
mh,Maharashtra,navimumbai,Navi Mumbai,cbd-belapur,CBD Belapur,cbd-belapur-itc-park-400614,ITC Park,400614
mh,Maharashtra,navimumbai,Navi Mumbai,cbd-belapur,CBD Belapur,cbd-belapur-junction-400706,Junction,400706
mh,Maharashtra,navimumbai,Navi Mumbai,cbd-belapur,CBD Belapur,cbd-belapur-karanjade-400614,Karanjade,400614
mh,Maharashtra,navimumbai,Navi Mumbai,cbd-belapur,CBD Belapur,cbd-belapur-koliwada-400614,Koliwada,400614
mh,Maharashtra,navimumbai,Navi Mumbai,cbd-belapur,CBD Belapur,cbd-belapur-kot-naka-400614,Kot naka,400614
mh,Maharashtra,navimumbai,Navi Mumbai,cbd-belapur,CBD Belapur,cbd-belapur-mermade-2-400614,mermade 2,400614
mh,Maharashtra,navimumbai,Navi Mumbai,cbd-belapur,CBD Belapur,cbd-belapur-mukund-nagar-400614,Mukund Nagar,400614
mh,Maharashtra,navimumbai,Navi Mumbai,cbd-belapur,CBD Belapur,cbd-belapur-new-panvel-410206,New Panvel,410206
mh,Maharashtra,navimumbai,Navi Mumbai,cbd-belapur,CBD Belapur,cbd-belapur-new-panvel-e-400614,new panvel e,400614
mh,Maharashtra,navimumbai,Navi Mumbai,cbd-belapur,CBD Belapur,cbd-belapur-node-v-400614,Node V,400614
mh,Maharashtra,navimumbai,Navi Mumbai,cbd-belapur,CBD Belapur,cbd-belapur-old-panvel-400614,Old Panvel,400614
mh,Maharashtra,navimumbai,Navi Mumbai,cbd-belapur,CBD Belapur,cbd-belapur-phanaspada-400614,Phanaspada,400614
mh,Maharashtra,navimumbai,Navi Mumbai,cbd-belapur,CBD Belapur,cbd-belapur-phanspada-400614,Phanspada,400614
mh,Maharashtra,navimumbai,Navi Mumbai,cbd-belapur,CBD Belapur,cbd-belapur-plot-400614,plot,400614
mh,Maharashtra,navimumbai,Navi Mumbai,cbd-belapur,CBD Belapur,cbd-belapur-road-400614,Road,400614
mh,Maharashtra,navimumbai,Navi Mumbai,cbd-belapur,CBD Belapur,cbd-belapur-sec-08-400614,sec 08,400614
mh,Maharashtra,navimumbai,Navi Mumbai,cbd-belapur,CBD Belapur,cbd-belapur-sect-400614,Sect,400614
mh,Maharashtra,navimumbai,Navi Mumbai,cbd-belapur,CBD Belapur,cbd-belapur-sect-27-400614,Sect 27,400614
mh,Maharashtra,navimumbai,Navi Mumbai,cbd-belapur,CBD Belapur,cbd-belapur-sector-03-market-400614,Sector - 03 Market,400614
mh,Maharashtra,navimumbai,Navi Mumbai,cbd-belapur,CBD Belapur,cbd-belapur-sector-11-400614,Sector - 11,400614
mh,Maharashtra,navimumbai,Navi Mumbai,cbd-belapur,CBD Belapur,cbd-belapur-sector-08-400614,sector -08,400614
mh,Maharashtra,navimumbai,Navi Mumbai,cbd-belapur,CBD Belapur,cbd-belapur-sector-04-400614,Sector 04,400614
mh,Maharashtra,navimumbai,Navi Mumbai,cbd-belapur,CBD Belapur,cbd-belapur-sector-05-400614,Sector 05,400614
mh,Maharashtra,navimumbai,Navi Mumbai,cbd-belapur,CBD Belapur,cbd-belapur-sector-06-400614,Sector 06,400614
mh,Maharashtra,navimumbai,Navi Mumbai,cbd-belapur,CBD Belapur,cbd-belapur-sector-08-400614-2,Sector 08,400614
mh,Maharashtra,navimumbai,Navi Mumbai,cbd-belapur,CBD Belapur,cbd-belapur-sector-1-400614,Sector 1,400614
mh,Maharashtra,navimumbai,Navi Mumbai,cbd-belapur,CBD Belapur,cbd-belapur-sector-1-a-400614,sector 1 A,400614
mh,Maharashtra,navimumbai,Navi Mumbai,cbd-belapur,CBD Belapur,cbd-belapur-sector-10-400614,Sector 10,400614
mh,Maharashtra,navimumbai,Navi Mumbai,cbd-belapur,CBD Belapur,cbd-belapur-sector-11-400614-2,Sector 11,400614
mh,Maharashtra,navimumbai,Navi Mumbai,cbd-belapur,CBD Belapur,cbd-belapur-sector-12-400614,Sector 12,400614
mh,Maharashtra,navimumbai,Navi Mumbai,cbd-belapur,CBD Belapur,cbd-belapur-sector-13-400614,Sector 13,400614
mh,Maharashtra,navimumbai,Navi Mumbai,cbd-belapur,CBD Belapur,cbd-belapur-sector-14-400614,Sector 14,400614
mh,Maharashtra,navimumbai,Navi Mumbai,cbd-belapur,CBD Belapur,cbd-belapur-sector-15-400614,Sector 15,400614
mh,Maharashtra,navimumbai,Navi Mumbai,cbd-belapur,CBD Belapur,cbd-belapur-sector-15a-400706,Sector 15A,400706
mh,Maharashtra,navimumbai,Navi Mumbai,cbd-belapur,CBD Belapur,cbd-belapur-sector-19-400614,Sector 19,400614
mh,Maharashtra,navimumbai,Navi Mumbai,cbd-belapur,CBD Belapur,cbd-belapur-sector-1a-400614,Sector 1A,400614
mh,Maharashtra,navimumbai,Navi Mumbai,cbd-belapur,CBD Belapur,cbd-belapur-sector-2-400614,Sector 2,400614
mh,Maharashtra,navimumbai,Navi Mumbai,cbd-belapur,CBD Belapur,cbd-belapur-sector-20-400614,Sector 20,400614
mh,Maharashtra,navimumbai,Navi Mumbai,cbd-belapur,CBD Belapur,cbd-belapur-sector-21-400614,Sector 21,400614
mh,Maharashtra,navimumbai,Navi Mumbai,cbd-belapur,CBD Belapur,cbd-belapur-sector-22-400614,Sector 22,400614
mh,Maharashtra,navimumbai,Navi Mumbai,cbd-belapur,CBD Belapur,cbd-belapur-sector-23-400614,Sector 23,400614
mh,Maharashtra,navimumbai,Navi Mumbai,cbd-belapur,CBD Belapur,cbd-belapur-sector-24-400614,Sector 24,400614
mh,Maharashtra,navimumbai,Navi Mumbai,cbd-belapur,CBD Belapur,cbd-belapur-sector-25-400614,Sector 25,400614
mh,Maharashtra,navimumbai,Navi Mumbai,cbd-belapur,CBD Belapur,cbd-belapur-sector-26-400614,Sector 26,400614
mh,Maharashtra,navimumbai,Navi Mumbai,cbd-belapur,CBD Belapur,cbd-belapur-sector-27-400614,Sector 27,400614
mh,Maharashtra,navimumbai,Navi Mumbai,cbd-belapur,CBD Belapur,cbd-belapur-sector-28-400614,Sector 28,400614
mh,Maharashtra,navimumbai,Navi Mumbai,cbd-belapur,CBD Belapur,cbd-belapur-sector-29-400614,Sector 29,400614
mh,Maharashtra,navimumbai,Navi Mumbai,cbd-belapur,CBD Belapur,cbd-belapur-sector-3-400614,Sector 3,400614
mh,Maharashtra,navimumbai,Navi Mumbai,cbd-belapur,CBD Belapur,cbd-belapur-sector-30-400614,Sector 30,400614
mh,Maharashtra,navimumbai,Navi Mumbai,cbd-belapur,CBD Belapur,cbd-belapur-sector-32-400614,Sector 32,400614
mh,Maharashtra,navimumbai,Navi Mumbai,cbd-belapur,CBD Belapur,cbd-belapur-sector-3a-400614,Sector 3A,400614
mh,Maharashtra,navimumbai,Navi Mumbai,cbd-belapur,CBD Belapur,cbd-belapur-sector-4-400614,Sector 4,400614
mh,Maharashtra,navimumbai,Navi Mumbai,cbd-belapur,CBD Belapur,cbd-belapur-sector-4cbd-400614,Sector 4CBD,400614
mh,Maharashtra,navimumbai,Navi Mumbai,cbd-belapur,CBD Belapur,cbd-belapur-sector-5-400614,Sector 5,400614
mh,Maharashtra,navimumbai,Navi Mumbai,cbd-belapur,CBD Belapur,cbd-belapur-sector-50-400706,Sector 50,400706
mh,Maharashtra,navimumbai,Navi Mumbai,cbd-belapur,CBD Belapur,cbd-belapur-sector-6-400614,Sector 6,400614
mh,Maharashtra,navimumbai,Navi Mumbai,cbd-belapur,CBD Belapur,cbd-belapur-sector-7-400614,Sector 7,400614
mh,Maharashtra,navimumbai,Navi Mumbai,cbd-belapur,CBD Belapur,cbd-belapur-sector-8-400614,Sector 8,400614
mh,Maharashtra,navimumbai,Navi Mumbai,cbd-belapur,CBD Belapur,cbd-belapur-sector-8a-400614,Sector 8A,400614
mh,Maharashtra,navimumbai,Navi Mumbai,cbd-belapur,CBD Belapur,cbd-belapur-sector-8b-400614,Sector 8B,400614
mh,Maharashtra,navimumbai,Navi Mumbai,cbd-belapur,CBD Belapur,cbd-belapur-sector-9-400614,Sector 9,400614
mh,Maharashtra,navimumbai,Navi Mumbai,cbd-belapur,CBD Belapur,cbd-belapur-sector-9n-400614,Sector 9N,400614
mh,Maharashtra,navimumbai,Navi Mumbai,cbd-belapur,CBD Belapur,cbd-belapur-sector-no-11-400614,Sector no - 11,400614
mh,Maharashtra,navimumbai,Navi Mumbai,cbd-belapur,CBD Belapur,cbd-belapur-sector-no-11-400614-2,Sector no 11,400614
mh,Maharashtra,navimumbai,Navi Mumbai,cbd-belapur,CBD Belapur,cbd-belapur-sector-no-11-400614-3,Sector No. 11,400614
mh,Maharashtra,navimumbai,Navi Mumbai,cbd-belapur,CBD Belapur,cbd-belapur-sector-no-15-400614,Sector No. 15,400614
mh,Maharashtra,navimumbai,Navi Mumbai,cbd-belapur,CBD Belapur,cbd-belapur-sector-no-8-400614,Sector No. 8,400614
mh,Maharashtra,navimumbai,Navi Mumbai,cbd-belapur,CBD Belapur,cbd-belapur-sector-no-11-400614-4,Sector No.- 11,400614
mh,Maharashtra,navimumbai,Navi Mumbai,cbd-belapur,CBD Belapur,cbd-belapur-sector-no-11-400614-5,Sector No.11,400614
mh,Maharashtra,navimumbai,Navi Mumbai,cbd-belapur,CBD Belapur,cbd-belapur-sector-01-400614,sector-01,400614
mh,Maharashtra,navimumbai,Navi Mumbai,cbd-belapur,CBD Belapur,cbd-belapur-sector-02-400614,Sector-02,400614
mh,Maharashtra,navimumbai,Navi Mumbai,cbd-belapur,CBD Belapur,cbd-belapur-sector01-400614,Sector01,400614
mh,Maharashtra,navimumbai,Navi Mumbai,cbd-belapur,CBD Belapur,cbd-belapur-sector-15-400614-2,Sector: 15,400614
mh,Maharashtra,navimumbai,Navi Mumbai,cbd-belapur,CBD Belapur,cbd-belapur-sector-20-400614-2,Sector:-20,400614
mh,Maharashtra,navimumbai,Navi Mumbai,cbd-belapur,CBD Belapur,cbd-belapur-sector-11-400614-3,SECTOR:11,400614
mh,Maharashtra,navimumbai,Navi Mumbai,cbd-belapur,CBD Belapur,cbd-belapur-shahabaj-gaon-400614,Shahabaj gaon,400614
mh,Maharashtra,navimumbai,Navi Mumbai,cbd-belapur,CBD Belapur,cbd-belapur-shahabaz-400614,Shahabaz,400614
mh,Maharashtra,navimumbai,Navi Mumbai,cbd-belapur,CBD Belapur,cbd-belapur-shahbaz-400614,Shahbaz,400614
mh,Maharashtra,navimumbai,Navi Mumbai,cbd-belapur,CBD Belapur,cbd-belapur-swami-vivekanand-nagar-400614,Swami Vivekanand Nagar,400614
mh,Maharashtra,navimumbai,Navi Mumbai,cbd-belapur,CBD Belapur,cbd-belapur-talode-400614,talode,400614
mh,Maharashtra,navimumbai,Navi Mumbai,cbd-belapur,CBD Belapur,cbd-belapur-11-400614,सेक्टर 11,400614
mh,Maharashtra,navimumbai,Navi Mumbai,cbd-belapur,CBD Belapur,cbd-belapur-15-400614,सेक्टर 15,400614
mh,Maharashtra,navimumbai,Navi Mumbai,cbd-belapur,CBD Belapur,cbd-belapur-1a-400614,सेक्टर 1A,400614
mh,Maharashtra,navimumbai,Navi Mumbai,cbd-belapur,CBD Belapur,cbd-belapur-20-400614,सेक्टर 20,400614
mh,Maharashtra,navimumbai,Navi Mumbai,nerul,Nerul,nerul-16a-400706,16A,400706
mh,Maharashtra,navimumbai,Navi Mumbai,nerul,Nerul,nerul-bank-of-india-colony-400706,Bank Of India Colony,400706
mh,Maharashtra,navimumbai,Navi Mumbai,nerul,Nerul,nerul-breeze-400706,Breeze,400706
mh,Maharashtra,navimumbai,Navi Mumbai,nerul,Nerul,nerul-brizz-400706,Brizz,400706
mh,Maharashtra,navimumbai,Navi Mumbai,nerul,Nerul,nerul-chincholi-talaw-400706,Chincholi talaw,400706
mh,Maharashtra,navimumbai,Navi Mumbai,nerul,Nerul,nerul-cooperative-housing-society-400706,Cooperative Housing Society,400706
mh,Maharashtra,navimumbai,Navi Mumbai,nerul,Nerul,nerul-dharava-400706,dharava,400706
mh,Maharashtra,navimumbai,Navi Mumbai,nerul,Nerul,nerul-dmart-400706,Dmart,400706
mh,Maharashtra,navimumbai,Navi Mumbai,nerul,Nerul,nerul-east-400706,East,400706
mh,Maharashtra,navimumbai,Navi Mumbai,nerul,Nerul,nerul-east-node-iii-400706,East Node III,400706
mh,Maharashtra,navimumbai,Navi Mumbai,nerul,Nerul,nerul-firebrigade-400706,Firebrigade,400706
mh,Maharashtra,navimumbai,Navi Mumbai,nerul,Nerul,nerul-gaon-400706,Gaon,400706
mh,Maharashtra,navimumbai,Navi Mumbai,nerul,Nerul,nerul-industrial-area-400706,Industrial Area,400706
mh,Maharashtra,navimumbai,Navi Mumbai,nerul,Nerul,nerul-kamadhenu-400706,Kamadhenu,400706
mh,Maharashtra,navimumbai,Navi Mumbai,nerul,Nerul,nerul-kaman-400706,KAMAN,400706
mh,Maharashtra,navimumbai,Navi Mumbai,nerul,Nerul,nerul-karave-nagar-400706,Karave Nagar,400706
mh,Maharashtra,navimumbai,Navi Mumbai,nerul,Nerul,nerul-midc-400706,MIDC,400706
mh,Maharashtra,navimumbai,Navi Mumbai,nerul,Nerul,nerul-midc-industrial-area-400706,MIDC Industrial Area,400706
mh,Maharashtra,navimumbai,Navi Mumbai,nerul,Nerul,nerul-nageshwar-talav-400706,Nageshwar Talav,400706
mh,Maharashtra,navimumbai,Navi Mumbai,nerul,Nerul,nerul-narul-400706,NARUL,400706
mh,Maharashtra,navimumbai,Navi Mumbai,nerul,Nerul,nerul-nerul-400706,Nerul,400706
mh,Maharashtra,navimumbai,Navi Mumbai,nerul,Nerul,nerul-nerul-e-400706,Nerul (E,400706
mh,Maharashtra,navimumbai,Navi Mumbai,nerul,Nerul,nerul-nerul-w-400706,Nerul (W,400706
mh,Maharashtra,navimumbai,Navi Mumbai,nerul,Nerul,nerul-nerul-e-400706-2,Nerul E,400706
mh,Maharashtra,navimumbai,Navi Mumbai,nerul,Nerul,nerul-nerul-east-400706,Nerul East,400706
mh,Maharashtra,navimumbai,Navi Mumbai,nerul,Nerul,nerul-nerul-west-400706,Nerul West,400706
mh,Maharashtra,navimumbai,Navi Mumbai,nerul,Nerul,nerul-nerul-e-400706-3,Nerul(E,400706
mh,Maharashtra,navimumbai,Navi Mumbai,nerul,Nerul,nerul-panch-pakhdi-400706,Panch Pakhdi,400706
mh,Maharashtra,navimumbai,Navi Mumbai,nerul,Nerul,nerul-phase-1-400706,Phase 1,400706
mh,Maharashtra,navimumbai,Navi Mumbai,nerul,Nerul,nerul-phase-ii-400706,Phase II,400706
mh,Maharashtra,navimumbai,Navi Mumbai,nerul,Nerul,nerul-revenue-village-400706,Revenue Village,400706
mh,Maharashtra,navimumbai,Navi Mumbai,nerul,Nerul,nerul-sagardarshan-400706,Sagardarshan,400706
mh,Maharashtra,navimumbai,Navi Mumbai,nerul,Nerul,nerul-sarsola-village-400706,Sarsola Village,400706
mh,Maharashtra,navimumbai,Navi Mumbai,nerul,Nerul,nerul-sarsole-gaon-400706,Sarsole Gaon,400706
mh,Maharashtra,navimumbai,Navi Mumbai,nerul,Nerul,nerul-seaweed-400706,Seaweed,400706
mh,Maharashtra,navimumbai,Navi Mumbai,nerul,Nerul,nerul-seawood-400706,seawood,400706
mh,Maharashtra,navimumbai,Navi Mumbai,nerul,Nerul,nerul-seawood-38-400706,Seawood 38,400706
mh,Maharashtra,navimumbai,Navi Mumbai,nerul,Nerul,nerul-seawoods-400706,Seawoods,400706
mh,Maharashtra,navimumbai,Navi Mumbai,nerul,Nerul,nerul-seawoods-e-400706,Seawoods(E,400706
mh,Maharashtra,navimumbai,Navi Mumbai,nerul,Nerul,nerul-sec-01-400706,Sec 01,400706
mh,Maharashtra,navimumbai,Navi Mumbai,nerul,Nerul,nerul-sec-09-400706,Sec 09,400706
mh,Maharashtra,navimumbai,Navi Mumbai,nerul,Nerul,nerul-sec-1-400706,Sec 1,400706
mh,Maharashtra,navimumbai,Navi Mumbai,nerul,Nerul,nerul-sec-23-400706,Sec 23,400706
mh,Maharashtra,navimumbai,Navi Mumbai,nerul,Nerul,nerul-sec-25-400706,Sec 25,400706
mh,Maharashtra,navimumbai,Navi Mumbai,nerul,Nerul,nerul-sec-27-400706,Sec 27,400706
mh,Maharashtra,navimumbai,Navi Mumbai,nerul,Nerul,nerul-sec-4-400706,Sec 4,400706
mh,Maharashtra,navimumbai,Navi Mumbai,nerul,Nerul,nerul-sec10-w-400706,Sec10 W,400706
mh,Maharashtra,navimumbai,Navi Mumbai,nerul,Nerul,nerul-sector-52-400706,Sector - 52,400706
mh,Maharashtra,navimumbai,Navi Mumbai,nerul,Nerul,nerul-sector-15nerul-east-400706,SECTOR -15NERUL EAST,400706
mh,Maharashtra,navimumbai,Navi Mumbai,nerul,Nerul,nerul-sector-19-400706,Sector -19,400706
mh,Maharashtra,navimumbai,Navi Mumbai,nerul,Nerul,nerul-sector-4-400706,Sector -4,400706
mh,Maharashtra,navimumbai,Navi Mumbai,nerul,Nerul,nerul-sector-01-400706,Sector 01,400706
mh,Maharashtra,navimumbai,Navi Mumbai,nerul,Nerul,nerul-sector-03-400706,Sector 03,400706
mh,Maharashtra,navimumbai,Navi Mumbai,nerul,Nerul,nerul-sector-06-400706,Sector 06,400706
mh,Maharashtra,navimumbai,Navi Mumbai,nerul,Nerul,nerul-sector-08-400706,sector 08,400706
mh,Maharashtra,navimumbai,Navi Mumbai,nerul,Nerul,nerul-sector-09-400706,Sector 09,400706
mh,Maharashtra,navimumbai,Navi Mumbai,nerul,Nerul,nerul-sector-1-400706,Sector 1,400706
mh,Maharashtra,navimumbai,Navi Mumbai,nerul,Nerul,nerul-sector-10-400706,Sector 10,400706
mh,Maharashtra,navimumbai,Navi Mumbai,nerul,Nerul,nerul-sector-11-400706,Sector 11,400706
mh,Maharashtra,navimumbai,Navi Mumbai,nerul,Nerul,nerul-sector-12-400706,Sector 12,400706
mh,Maharashtra,navimumbai,Navi Mumbai,nerul,Nerul,nerul-sector-13-400706,Sector 13,400706
mh,Maharashtra,navimumbai,Navi Mumbai,nerul,Nerul,nerul-sector-14-400706,Sector 14,400706
mh,Maharashtra,navimumbai,Navi Mumbai,nerul,Nerul,nerul-sector-15-400706,Sector 15,400706
mh,Maharashtra,navimumbai,Navi Mumbai,nerul,Nerul,nerul-sector-15-e-400706,SECTOR 15 (E,400706
mh,Maharashtra,navimumbai,Navi Mumbai,nerul,Nerul,nerul-sector-16-400706,Sector 16,400706
mh,Maharashtra,navimumbai,Navi Mumbai,nerul,Nerul,nerul-sector-16a-400706,Sector 16A,400706
mh,Maharashtra,navimumbai,Navi Mumbai,nerul,Nerul,nerul-sector-17-400706,Sector 17,400706
mh,Maharashtra,navimumbai,Navi Mumbai,nerul,Nerul,nerul-sector-18-400706,Sector 18,400706
mh,Maharashtra,navimumbai,Navi Mumbai,nerul,Nerul,nerul-sector-18a-400706,Sector 18A,400706
mh,Maharashtra,navimumbai,Navi Mumbai,nerul,Nerul,nerul-sector-19-400706-2,Sector 19,400706
mh,Maharashtra,navimumbai,Navi Mumbai,nerul,Nerul,nerul-sector-19a-400706,Sector 19A,400706
mh,Maharashtra,navimumbai,Navi Mumbai,nerul,Nerul,nerul-sector-2-400706,Sector 2,400706
mh,Maharashtra,navimumbai,Navi Mumbai,nerul,Nerul,nerul-sector-20-400706,Sector 20,400706
mh,Maharashtra,navimumbai,Navi Mumbai,nerul,Nerul,nerul-sector-21-400706,Sector 21,400706
mh,Maharashtra,navimumbai,Navi Mumbai,nerul,Nerul,nerul-sector-22-400706,Sector 22,400706
mh,Maharashtra,navimumbai,Navi Mumbai,nerul,Nerul,nerul-sector-23-400706,Sector 23,400706
mh,Maharashtra,navimumbai,Navi Mumbai,nerul,Nerul,nerul-sector-24-400706,Sector 24,400706
mh,Maharashtra,navimumbai,Navi Mumbai,nerul,Nerul,nerul-sector-25-400706,Sector 25,400706
mh,Maharashtra,navimumbai,Navi Mumbai,nerul,Nerul,nerul-sector-26-400706,Sector 26,400706
mh,Maharashtra,navimumbai,Navi Mumbai,nerul,Nerul,nerul-sector-27-400706,Sector 27,400706
mh,Maharashtra,navimumbai,Navi Mumbai,nerul,Nerul,nerul-sector-28-400706,Sector 28,400706
mh,Maharashtra,navimumbai,Navi Mumbai,nerul,Nerul,nerul-sector-29-400706,Sector 29,400706
mh,Maharashtra,navimumbai,Navi Mumbai,nerul,Nerul,nerul-sector-3-400706,Sector 3,400706
mh,Maharashtra,navimumbai,Navi Mumbai,nerul,Nerul,nerul-sector-30-400706,Sector 30,400706
mh,Maharashtra,navimumbai,Navi Mumbai,nerul,Nerul,nerul-sector-32-400706,Sector 32,400706
mh,Maharashtra,navimumbai,Navi Mumbai,nerul,Nerul,nerul-sector-34-400706,Sector 34,400706
mh,Maharashtra,navimumbai,Navi Mumbai,nerul,Nerul,nerul-sector-36-400706,Sector 36,400706
mh,Maharashtra,navimumbai,Navi Mumbai,nerul,Nerul,nerul-sector-38-400706,Sector 38,400706
mh,Maharashtra,navimumbai,Navi Mumbai,nerul,Nerul,nerul-sector-4-400706-2,Sector 4,400706
mh,Maharashtra,navimumbai,Navi Mumbai,nerul,Nerul,nerul-sector-40-400706,Sector 40,400706
mh,Maharashtra,navimumbai,Navi Mumbai,nerul,Nerul,nerul-sector-42-400706,Sector 42,400706
mh,Maharashtra,navimumbai,Navi Mumbai,nerul,Nerul,nerul-sector-42a-400706,Sector 42A,400706
mh,Maharashtra,navimumbai,Navi Mumbai,nerul,Nerul,nerul-sector-44-400706,Sector 44,400706
mh,Maharashtra,navimumbai,Navi Mumbai,nerul,Nerul,nerul-sector-44a-400706,Sector 44A,400706
mh,Maharashtra,navimumbai,Navi Mumbai,nerul,Nerul,nerul-sector-46-400706,Sector 46,400706
mh,Maharashtra,navimumbai,Navi Mumbai,nerul,Nerul,nerul-sector-46-a-400706,Sector 46 A,400706
mh,Maharashtra,navimumbai,Navi Mumbai,nerul,Nerul,nerul-sector-46a-400706,Sector 46A,400706
mh,Maharashtra,navimumbai,Navi Mumbai,nerul,Nerul,nerul-sector-48-400706,Sector 48,400706
mh,Maharashtra,navimumbai,Navi Mumbai,nerul,Nerul,nerul-sector-48-seawood-400706,Sector 48 seawood,400706
mh,Maharashtra,navimumbai,Navi Mumbai,nerul,Nerul,nerul-sector-48-a-400706,Sector 48-A,400706
mh,Maharashtra,navimumbai,Navi Mumbai,nerul,Nerul,nerul-sector-5-400706,Sector 5,400706
mh,Maharashtra,navimumbai,Navi Mumbai,nerul,Nerul,nerul-sector-50-400706,Sector 50,400706
mh,Maharashtra,navimumbai,Navi Mumbai,nerul,Nerul,nerul-sector-54-400706,Sector 54,400706
mh,Maharashtra,navimumbai,Navi Mumbai,nerul,Nerul,nerul-sector-56-400706,Sector 56,400706
mh,Maharashtra,navimumbai,Navi Mumbai,nerul,Nerul,nerul-sector-58-400706,Sector 58,400706
mh,Maharashtra,navimumbai,Navi Mumbai,nerul,Nerul,nerul-sector-58a-400706,Sector 58A,400706
mh,Maharashtra,navimumbai,Navi Mumbai,nerul,Nerul,nerul-sector-6-400706,Sector 6,400706
mh,Maharashtra,navimumbai,Navi Mumbai,nerul,Nerul,nerul-sector-6a-w-400706,Sector 6A W,400706
mh,Maharashtra,navimumbai,Navi Mumbai,nerul,Nerul,nerul-sector-7-400706,Sector 7,400706
mh,Maharashtra,navimumbai,Navi Mumbai,nerul,Nerul,nerul-sector-8-400706,Sector 8,400706
mh,Maharashtra,navimumbai,Navi Mumbai,nerul,Nerul,nerul-sector-9-400706,Sector 9,400706
mh,Maharashtra,navimumbai,Navi Mumbai,nerul,Nerul,nerul-sector-no-28-400706,Sector No 28,400706
mh,Maharashtra,navimumbai,Navi Mumbai,nerul,Nerul,nerul-sector-no-46a-400706,Sector No.46A,400706
mh,Maharashtra,navimumbai,Navi Mumbai,nerul,Nerul,nerul-sector-no-6-400706,Sector No.6,400706
mh,Maharashtra,navimumbai,Navi Mumbai,nerul,Nerul,nerul-sector-04-i-400706,Sector-04 I,400706
mh,Maharashtra,navimumbai,Navi Mumbai,nerul,Nerul,nerul-sector-08-400706-2,sector-08,400706
mh,Maharashtra,navimumbai,Navi Mumbai,nerul,Nerul,nerul-sector-1-400706-2,Sector-1,400706
mh,Maharashtra,navimumbai,Navi Mumbai,nerul,Nerul,nerul-sector-10-400706-2,Sector-10,400706
mh,Maharashtra,navimumbai,Navi Mumbai,nerul,Nerul,nerul-sector-19-400706-3,Sector-19,400706
mh,Maharashtra,navimumbai,Navi Mumbai,nerul,Nerul,nerul-sector-48-400706-2,Sector-48,400706
mh,Maharashtra,navimumbai,Navi Mumbai,nerul,Nerul,nerul-sector-60-400706,Sector-60,400706
mh,Maharashtra,navimumbai,Navi Mumbai,nerul,Nerul,nerul-sector-17-400706-2,Sector: 17,400706
mh,Maharashtra,navimumbai,Navi Mumbai,nerul,Nerul,nerul-shiravane-400706,Shiravane,400706
mh,Maharashtra,navimumbai,Navi Mumbai,nerul,Nerul,nerul-shirwane-village-400706,Shirwane Village,400706
mh,Maharashtra,navimumbai,Navi Mumbai,nerul,Nerul,nerul-sidhivinayak-400706,Sidhivinayak,400706
mh,Maharashtra,navimumbai,Navi Mumbai,nerul,Nerul,nerul-society-400706,Society,400706
mh,Maharashtra,navimumbai,Navi Mumbai,nerul,Nerul,nerul-station-400706,Station,400706
mh,Maharashtra,navimumbai,Navi Mumbai,nerul,Nerul,nerul-taha-400706,Taha,400706
mh,Maharashtra,navimumbai,Navi Mumbai,nerul,Nerul,nerul-talav-400706,talav,400706
mh,Maharashtra,navimumbai,Navi Mumbai,nerul,Nerul,nerul-tarabai-400706,Tarabai,400706
mh,Maharashtra,navimumbai,Navi Mumbai,nerul,Nerul,nerul-ttc-industrial-area-400706,TTC Industrial Area,400706
mh,Maharashtra,navimumbai,Navi Mumbai,nerul,Nerul,nerul-w-400706,w,400706
mh,Maharashtra,navimumbai,Navi Mumbai,nerul,Nerul,nerul-waist-400706,Waist,400706
mh,Maharashtra,navimumbai,Navi Mumbai,nerul,Nerul,nerul-wes-400706,wes,400706
mh,Maharashtra,navimumbai,Navi Mumbai,nerul,Nerul,nerul-west-400706,West,400706
mh,Maharashtra,navimumbai,Navi Mumbai,oldpanvel,Old Panvel,oldpanvel-gavdevi-pada-410206,GAVDEVI PADA,410206
mh,Maharashtra,navimumbai,Navi Mumbai,oldpanvel,Old Panvel,oldpanvel-joshi-ali-410206,Joshi Ali,410206
mh,Maharashtra,navimumbai,Navi Mumbai,oldpanvel,Old Panvel,oldpanvel-karnala-sports-academy-410206,Karnala sports academy,410206
mh,Maharashtra,navimumbai,Navi Mumbai,oldpanvel,Old Panvel,oldpanvel-koliwada-panvel-tal-panvel-dist-raigad-410206,Koliwada Panvel.Tal.Panvel.Dist.Raigad,410206
mh,Maharashtra,navimumbai,Navi Mumbai,oldpanvel,Old Panvel,oldpanvel-loknete-d-b-patil-nagar-410206,Loknete D B Patil Nagar,410206
mh,Maharashtra,navimumbai,Navi Mumbai,oldpanvel,Old Panvel,oldpanvel-market-yard-road-410206,Market Yard Road,410206
mh,Maharashtra,navimumbai,Navi Mumbai,oldpanvel,Old Panvel,oldpanvel-mominpada-410206,Mominpada,410206
mh,Maharashtra,navimumbai,Navi Mumbai,oldpanvel,Old Panvel,oldpanvel-muslim-naka-m-g-road-410206,Muslim Naka M.G. Road,410206
mh,Maharashtra,navimumbai,Navi Mumbai,oldpanvel,Old Panvel,oldpanvel-near-bhusar-mohalla-masjid-410206,near bhusar mohalla masjid,410206
mh,Maharashtra,navimumbai,Navi Mumbai,oldpanvel,Old Panvel,oldpanvel-near-sahstrabudhe-hospital-410206,Near Sahstrabudhe Hospital,410206
mh,Maharashtra,navimumbai,Navi Mumbai,oldpanvel,Old Panvel,oldpanvel-old-panvel-410206,Old Panvel,410206
mh,Maharashtra,navimumbai,Navi Mumbai,oldpanvel,Old Panvel,oldpanvel-panvel-410206,Panvel,410206
mh,Maharashtra,navimumbai,Navi Mumbai,oldpanvel,Old Panvel,oldpanvel-panvel-co-op-housing-society-410206,Panvel Co-op Housing Society,410206
mh,Maharashtra,navimumbai,Navi Mumbai,oldpanvel,Old Panvel,oldpanvel-shivaji-road-behind-saraswati-mandir-410206,shivaji road behind Saraswati Mandir,410206
mh,Maharashtra,navimumbai,Navi Mumbai,oldpanvel,Old Panvel,oldpanvel-shop-no-2-3-nandanvan-society-plot-no-228-rupali-cinema-road-panvel-410206,Shop No-2&3 Nandanvan Society Plot No- 228 Rupali Cinema Road Panvel,410206
mh,Maharashtra,navimumbai,Navi Mumbai,oldpanvel,Old Panvel,oldpanvel-tal-panvel-dist-410206,Tal. Panvel Dist,410206
mh,Maharashtra,navimumbai,Navi Mumbai,oldpanvel,Old Panvel,oldpanvel-uran-naka-410206,Uran Naka,410206
mh,Maharashtra,navimumbai,Navi Mumbai,seawoods,Seawoods,seawoods-apartment-400706,Apartment,400706
mh,Maharashtra,navimumbai,Navi Mumbai,seawoods,Seawoods,seawoods-beryl-400706,beryl,400706
mh,Maharashtra,navimumbai,Navi Mumbai,seawoods,Seawoods,seawoods-dharave-nerul-400706,Dharave Nerul,400706
mh,Maharashtra,navimumbai,Navi Mumbai,seawoods,Seawoods,seawoods-diabecare-400706,Diabecare,400706
mh,Maharashtra,navimumbai,Navi Mumbai,seawoods,Seawoods,seawoods-e-400706,E,400706
mh,Maharashtra,navimumbai,Navi Mumbai,seawoods,Seawoods,seawoods-east-400706,East,400706
mh,Maharashtra,navimumbai,Navi Mumbai,seawoods,Seawoods,seawoods-g-001sewoods-400706,g-001sewoods,400706
mh,Maharashtra,navimumbai,Navi Mumbai,seawoods,Seawoods,seawoods-ganesh-talav-400706,Ganesh talav,400706
mh,Maharashtra,navimumbai,Navi Mumbai,seawoods,Seawoods,seawoods-hawre-400706,Hawre,400706
mh,Maharashtra,navimumbai,Navi Mumbai,seawoods,Seawoods,seawoods-karave-nagar-400706,Karave Nagar,400706
mh,Maharashtra,navimumbai,Navi Mumbai,seawoods,Seawoods,seawoods-karavegao-400706,Karavegao,400706
mh,Maharashtra,navimumbai,Navi Mumbai,seawoods,Seawoods,seawoods-khanda-colony-400706,Khanda Colony,400706
mh,Maharashtra,navimumbai,Navi Mumbai,seawoods,Seawoods,seawoods-mkcl-400706,MKCL,400706
mh,Maharashtra,navimumbai,Navi Mumbai,seawoods,Seawoods,seawoods-nerul-400706,Nerul,400706
mh,Maharashtra,navimumbai,Navi Mumbai,seawoods,Seawoods,seawoods-nerul-e-400706,Nerul (E,400706
mh,Maharashtra,navimumbai,Navi Mumbai,seawoods,Seawoods,seawoods-nerul-w-400706,Nerul (W,400706
mh,Maharashtra,navimumbai,Navi Mumbai,seawoods,Seawoods,seawoods-nerul-west-400706,Nerul (West,400706
mh,Maharashtra,navimumbai,Navi Mumbai,seawoods,Seawoods,seawoods-nerul-w-400706-2,Nerul W,400706
mh,Maharashtra,navimumbai,Navi Mumbai,seawoods,Seawoods,seawoods-nerul-west-400706-2,Nerul West,400706
mh,Maharashtra,navimumbai,Navi Mumbai,seawoods,Seawoods,seawoods-nerul-w-400706-3,nerul(W,400706
mh,Maharashtra,navimumbai,Navi Mumbai,seawoods,Seawoods,seawoods-nerul-w-400706-4,Nerul-W,400706
mh,Maharashtra,navimumbai,Navi Mumbai,seawoods,Seawoods,seawoods-nerul-west-400706-3,Nerul. West,400706
mh,Maharashtra,navimumbai,Navi Mumbai,seawoods,Seawoods,seawoods-new-400706,New,400706
mh,Maharashtra,navimumbai,Navi Mumbai,seawoods,Seawoods,seawoods-new-50-400706,New 50,400706
mh,Maharashtra,navimumbai,Navi Mumbai,seawoods,Seawoods,seawoods-old-400706,Old,400706
mh,Maharashtra,navimumbai,Navi Mumbai,seawoods,Seawoods,seawoods-seawood-400706,Seawood,400706
mh,Maharashtra,navimumbai,Navi Mumbai,seawoods,Seawoods,seawoods-seawoods-400706,Seawoods,400706
mh,Maharashtra,navimumbai,Navi Mumbai,seawoods,Seawoods,seawoods-sec-44a-400706,Sec 44a,400706
mh,Maharashtra,navimumbai,Navi Mumbai,seawoods,Seawoods,seawoods-sector-44-400706,sector -44,400706
mh,Maharashtra,navimumbai,Navi Mumbai,seawoods,Seawoods,seawoods-sector-14-400706,Sector 14,400706
mh,Maharashtra,navimumbai,Navi Mumbai,seawoods,Seawoods,seawoods-sector-19-400706,Sector 19,400706
mh,Maharashtra,navimumbai,Navi Mumbai,seawoods,Seawoods,seawoods-sector-19a-400706,Sector 19A,400706
mh,Maharashtra,navimumbai,Navi Mumbai,seawoods,Seawoods,seawoods-sector-21-400706,Sector 21,400706
mh,Maharashtra,navimumbai,Navi Mumbai,seawoods,Seawoods,seawoods-sector-23-400706,Sector 23,400706
mh,Maharashtra,navimumbai,Navi Mumbai,seawoods,Seawoods,seawoods-sector-23-seswoods-400706,Sector 23 Seswoods,400706
mh,Maharashtra,navimumbai,Navi Mumbai,seawoods,Seawoods,seawoods-sector-24-400706,Sector 24,400706
mh,Maharashtra,navimumbai,Navi Mumbai,seawoods,Seawoods,seawoods-sector-25-400706,Sector 25,400706
mh,Maharashtra,navimumbai,Navi Mumbai,seawoods,Seawoods,seawoods-sector-26-400706,Sector 26,400706
mh,Maharashtra,navimumbai,Navi Mumbai,seawoods,Seawoods,seawoods-sector-27-400706,Sector 27,400706
mh,Maharashtra,navimumbai,Navi Mumbai,seawoods,Seawoods,seawoods-sector-28-400706,Sector 28,400706
mh,Maharashtra,navimumbai,Navi Mumbai,seawoods,Seawoods,seawoods-sector-29-400706,Sector 29,400706
mh,Maharashtra,navimumbai,Navi Mumbai,seawoods,Seawoods,seawoods-sector-30-400706,Sector 30,400706
mh,Maharashtra,navimumbai,Navi Mumbai,seawoods,Seawoods,seawoods-sector-32-400706,Sector 32,400706
mh,Maharashtra,navimumbai,Navi Mumbai,seawoods,Seawoods,seawoods-sector-34-400706,Sector 34,400706
mh,Maharashtra,navimumbai,Navi Mumbai,seawoods,Seawoods,seawoods-sector-36-400706,Sector 36,400706
mh,Maharashtra,navimumbai,Navi Mumbai,seawoods,Seawoods,seawoods-sector-38-400706,Sector 38,400706
mh,Maharashtra,navimumbai,Navi Mumbai,seawoods,Seawoods,seawoods-sector-40-400706,Sector 40,400706
mh,Maharashtra,navimumbai,Navi Mumbai,seawoods,Seawoods,seawoods-sector-42-400706,Sector 42,400706
mh,Maharashtra,navimumbai,Navi Mumbai,seawoods,Seawoods,seawoods-sector-42a-400706,Sector 42A,400706
mh,Maharashtra,navimumbai,Navi Mumbai,seawoods,Seawoods,seawoods-sector-44-400706-2,Sector 44,400706
mh,Maharashtra,navimumbai,Navi Mumbai,seawoods,Seawoods,seawoods-sector-44a-400706,Sector 44A,400706
mh,Maharashtra,navimumbai,Navi Mumbai,seawoods,Seawoods,seawoods-sector-46-400706,Sector 46,400706
mh,Maharashtra,navimumbai,Navi Mumbai,seawoods,Seawoods,seawoods-sector-46-a-400706,Sector 46 A,400706
mh,Maharashtra,navimumbai,Navi Mumbai,seawoods,Seawoods,seawoods-sector-46a-400706,Sector 46A,400706
mh,Maharashtra,navimumbai,Navi Mumbai,seawoods,Seawoods,seawoods-sector-48-a-400706,Sector 48-A,400706
mh,Maharashtra,navimumbai,Navi Mumbai,seawoods,Seawoods,seawoods-sector-50-400706,Sector 50,400706
mh,Maharashtra,navimumbai,Navi Mumbai,seawoods,Seawoods,seawoods-sector-50-east-400706,Sector 50 east,400706
mh,Maharashtra,navimumbai,Navi Mumbai,seawoods,Seawoods,seawoods-sector-50e-400706,sector 50E,400706
mh,Maharashtra,navimumbai,Navi Mumbai,seawoods,Seawoods,seawoods-sector-54-400706,Sector 54,400706
mh,Maharashtra,navimumbai,Navi Mumbai,seawoods,Seawoods,seawoods-sector-56-400706,Sector 56,400706
mh,Maharashtra,navimumbai,Navi Mumbai,seawoods,Seawoods,seawoods-sector-58-400706,Sector 58,400706
mh,Maharashtra,navimumbai,Navi Mumbai,seawoods,Seawoods,seawoods-sector-58a-400706,Sector 58A,400706
mh,Maharashtra,navimumbai,Navi Mumbai,seawoods,Seawoods,seawoods-sector-old-50-400706,Sector old 50,400706
mh,Maharashtra,navimumbai,Navi Mumbai,seawoods,Seawoods,seawoods-sector-42-a-400706,Sector-42/A,400706
mh,Maharashtra,navimumbai,Navi Mumbai,seawoods,Seawoods,seawoods-sector-48-400706,Sector-48,400706
mh,Maharashtra,navimumbai,Navi Mumbai,seawoods,Seawoods,seawoods-sector42a-400706,Sector42a,400706
mh,Maharashtra,navimumbai,Navi Mumbai,seawoods,Seawoods,seawoods-sector-44-400706-3,sector: 44,400706
mh,Maharashtra,navimumbai,Navi Mumbai,seawoods,Seawoods,seawoods-station-400706,Station,400706
mh,Maharashtra,navimumbai,Navi Mumbai,seawoods,Seawoods,seawoods-w-400706,W,400706
mh,Maharashtra,navimumbai,Navi Mumbai,seawoods,Seawoods,seawoods-west-400706,west,400706
mh,Maharashtra,navimumbai,Navi Mumbai,seawoods,Seawoods,seawoods-zone-3-400706,Zone-3,400706
